{
    "Sharpe Ratio": -1.2043668843619557,
    "Sortino Ratio": -1.3973923471467327,
    "Max Drawdown": 0.9999999999862846,
    "VaR (95%)": -0.24523538442055567,
    "Expected Shortfall (95%)": -0.2922542618230309
}