,rmse,mae,accuracy
AAPL,1.9967698532749947,1.544511642571273,0.9909810427909923
